Name,Card color(s),Card Text,Mana Cost,Power/Toughness,Set code,Set name,Collector number,Foil,Rarity,Quantity,ManaBox ID,Scryfall ID,Purchase price,Misprint,Altered,Condition,Language,Purchase price currency
Pretending Poxbearers,"B, W","When this creature dies, create a 1/1 white Ally creature token.",{1}{W/B},2.1,TLA,Avatar: The Last Airbender,237,normal,common,2,108282,d1af91a5-8681-4a05-910d-96f7a819bfaa,0.03,FALSE,FALSE,near_mint,en,USD
Water Tribe Rallier,W,"Waterbend {5}: Look at the top four cards of your library. You may reveal a creature card with power 3 or less from among them and put it into your hand. Put the rest on the bottom of your library in a random order. (While paying a waterbend cost, you can tap your artifacts and creatures to help. Each one pays for {1}.)",{1}{W},2.2,TLA,Avatar: The Last Airbender,42,normal,uncommon,2,109430,4e744b6c-1c2f-451a-818a-5ee7785b5213,0.08,FALSE,FALSE,near_mint,en,USD
Saber-Tooth Moose-Lion,G,"Reach | Forestcycling {2} ({2}, Discard this card: Search your library for a Forest card, reveal it, put it into your hand, then shuffle.)",{4}{G}{G},7.7,TLA,Avatar: The Last Airbender,194,normal,common,1,108266,b15f302d-c451-4e79-a5af-75ee3ba4cadf,0.05,FALSE,FALSE,near_mint,en,USD
Cat-Owl,"U, W","Flying | Whenever this creature attacks, untap target artifact or creature.",{3}{W/U},3.3,TLA,Avatar: The Last Airbender,212,normal,common,2,108285,d7df3391-dbe5-4eb4-85c1-037c5f3ea971,0.06,FALSE,FALSE,near_mint,en,USD
Earth Kingdom Jailer,W,"When this creature enters, exile up to one target artifact, creature, or enchantment an opponent controls with mana value 3 or greater until this creature leaves the battlefield.",{2}{W},3.3,TLA,Avatar: The Last Airbender,16,normal,uncommon,2,109746,9207362c-3605-4794-803f-ad1d0175fcca,0.05,FALSE,FALSE,near_mint,en,USD
Curious Farm Animals,W,"When this creature dies, you gain 3 life. | {2}, Sacrifice this creature: Destroy up to one target artifact or enchantment.",{W},1.1,TLA,Avatar: The Last Airbender,14,normal,common,1,109654,2402d759-84b6-41d2-ad78-9333974e9222,0.09,FALSE,FALSE,near_mint,en,USD
Kyoshi Warriors,W,"When this creature enters, create a 1/1 white Ally creature token.",{3}{W},3.3,TLA,Avatar: The Last Airbender,26,normal,common,3,109651,211045e1-85c7-4088-b830-a2afa0fe520b,0.02,FALSE,FALSE,near_mint,en,USD
Sandbender Scavengers,"B, W","Whenever you sacrifice another permanent, put a +1/+1 counter on this creature. | When this creature dies, you may exile it. When you do, return target creature card with mana value less than or equal to this creature's power from your graveyard to the battlefield.",{W}{B},1.1,TLA,Avatar: The Last Airbender,239,normal,rare,1,109922,9bfe0f7c-6dac-41d4-a013-109445158a5e,0.21,FALSE,FALSE,near_mint,en,USD
Glider Kids,W,"Flying | When this creature enters, scry 1. (Look at the top card of your library. You may put it on the bottom.)",{2}{W},2.3,TLA,Avatar: The Last Airbender,21,normal,common,3,108154,0613afb5-4cee-4132-8adf-404767ed8d07,0.03,FALSE,FALSE,near_mint,en,USD
Beetle-Headed Merchants,B,"Whenever this creature attacks, you may sacrifice another creature or artifact. If you do, draw a card and put a +1/+1 counter on this creature.",{4}{B},5.4,TLA,Avatar: The Last Airbender,86,normal,common,2,108273,c2eed79f-38c1-4aac-9525-d54cb114f17f,0.01,FALSE,FALSE,near_mint,en,USD
Corrupt Court Official,B,"When this creature enters, target opponent discards a card.",{1}{B},1.1,TLA,Avatar: The Last Airbender,92,normal,common,2,108198,4692610e-d64c-438e-b5ad-0cf67fd57f1f,0.02,FALSE,FALSE,near_mint,en,USD
Foggy Swamp Spirit Keeper,"B, U","Lifelink | Whenever you draw your second card each turn, create a 1/1 colorless Spirit creature token with ""This token can't block or be blocked by non-Spirit creatures.""",{1}{U}{B},2.4,TLA,Avatar: The Last Airbender,222,normal,uncommon,1,109541,cd624be9-e960-4485-a8a9-2d5f2dd51777,0.06,FALSE,FALSE,near_mint,en,USD
Otter-Penguin,U,"Whenever you draw your second card each turn, this creature gets +1/+2 until end of turn and can't be blocked this turn.",{1}{U},2.1,TLA,Avatar: The Last Airbender,67,normal,common,2,108200,480b6279-bb34-4b3f-a639-868b52af92b9,0.04,FALSE,FALSE,near_mint,en,USD
Messenger Hawk,"B, U","Flying | When this creature enters, create a Clue token. (It's an artifact with ""{2}, Sacrifice this token: Draw a card."") | This creature gets +2/+0 as long as you've drawn two or more cards this turn.",{2}{U/B},1.2,TLA,Avatar: The Last Airbender,234,normal,common,1,109713,6a2946c0-0a40-4cdb-92c8-af2bafecca09,0.04,FALSE,FALSE,near_mint,en,USD
Earth Kingdom Soldier,"G, W","Vigilance | When this creature enters, put a +1/+1 counter on each of up to two target creatures you control.",{4}{G/W},3.4,TLA,Avatar: The Last Airbender,216,normal,common,2,108180,2d543d35-945a-4ffa-beb7-7c5d4f894f79,0.01,FALSE,FALSE,near_mint,en,USD
Earth Rumble Wrestlers,"G, R",Reach | This creature gets +1/+0 and has trample as long as you control a land creature or a land entered the battlefield under your control this turn.,{3}{R/G},3.4,TLA,Avatar: The Last Airbender,218,normal,common,2,109466,74fca0b8-12e1-405f-b999-160d65fe0ade,0.02,FALSE,FALSE,near_mint,en,USD
Walltop Sentries,G,"Reach, deathtouch | When this creature dies, if there's a Lesson card in your graveyard, you gain 2 life.",{2}{G},2.3,TLA,Avatar: The Last Airbender,202,normal,common,2,109818,e55f1c63-58f6-4e2b-aaeb-f2d5faca47a2,0.03,FALSE,FALSE,near_mint,en,USD
Hermitic Herbalist,"G, U",{T}: Add one mana of any color. | {T}: Add two mana in any combination of colors. Spend this mana only to cast Lesson spells.,{G}{U},2.3,TLA,Avatar: The Last Airbender,226,normal,uncommon,1,109707,5d0ee441-a057-41b5-abb8-dc86864ac248,0.09,FALSE,FALSE,near_mint,en,USD
Wandering Musicians,"R, W","Whenever this creature attacks, creatures you control get +1/+0 until end of turn.",{3}{R/W},2.5,TLA,Avatar: The Last Airbender,250,normal,common,1,109916,3da81dbd-dc80-47ff-a33b-270d23a24e0a,0.04,FALSE,FALSE,near_mint,en,USD
Badgermole,G,"When this creature enters, earthbend 2. (Target land you control becomes a 0/0 creature with haste that's still a land. Put two +1/+1 counters on it. When it dies or is exiled, return it to the battlefield tapped.) | Creatures you control with +1/+1 counters on them have trample.",{4}{G},4.4,TLA,Avatar: The Last Airbender,166,normal,common,2,108260,aabbd420-b7fc-496f-9168-bad823d51d9e,0.06,FALSE,FALSE,near_mint,en,USD
Water Tribe Captain,W,{5}: Creatures you control get +1/+1 until end of turn.,{2}{W},3.3,TLA,Avatar: The Last Airbender,41,normal,common,2,109632,0a0cdf97-1927-47c6-8ef1-29969e3567ee,0.03,FALSE,FALSE,near_mint,en,USD
Yuyan Archers,R,"Reach | When this creature enters, you may discard a card. If you do, draw a card.",{1}{R},3.1,TLA,Avatar: The Last Airbender,161,normal,common,3,108250,99244462-a996-4a5b-91fb-947045647d6d,0.04,FALSE,FALSE,near_mint,en,USD
Avatar Enthusiasts,W,"Whenever another Ally you control enters, put a +1/+1 counter on this creature.",{2}{W},2.2,TLA,Avatar: The Last Airbender,11,normal,common,3,108124,7292e5f2-d5a1-4e39-8f75-eba471819f04,0.05,FALSE,FALSE,near_mint,en,USD
Geyser Leaper,U,"Flying | Waterbend {4}: Draw a card, then discard a card. (While paying a waterbend cost, you can tap your artifacts and creatures to help. Each one pays for {1}.)",{4}{U},4.3,TLA,Avatar: The Last Airbender,52,normal,common,4,108205,4d25428d-e5a5-43c4-8544-43120ed1c4d5,0.02,FALSE,FALSE,near_mint,en,USD
Rabaroo Troop,W,"Landfall — Whenever a land you control enters, this creature gains flying until end of turn and you gain 1 life. | Plainscycling {2} ({2}, Discard this card: Search your library for a Plains card, reveal it, put it into your hand, then shuffle.)",{3}{W}{W},3.5,TLA,Avatar: The Last Airbender,32,normal,common,2,108219,62a983b4-ac73-4949-9317-05a75a8ce164,0.02,FALSE,FALSE,near_mint,en,USD
Forecasting Fortune Teller,U,"When this creature enters, create a Clue token. (It's an artifact with ""{2}, Sacrifice this token: Draw a card."")",{1}{U},1.3,TLA,Avatar: The Last Airbender,51,normal,common,2,109366,023e7ad4-6af0-4f29-a716-27a313974227,0.01,FALSE,FALSE,near_mint,en,USD
Fire Nation Raider,R,"Raid — When this creature enters, if you attacked this turn, create a Clue token. (It's an artifact with ""{2}, Sacrifice this token: Draw a card."")",{3}{R},4.2,TLA,Avatar: The Last Airbender,135,normal,common,3,109827,ede1bbdb-c726-46e3-aaf1-b8cf2be2c341,0.1,FALSE,FALSE,near_mint,en,USD
Rebellious Captives,G,"Exhaust — {6}: Put two +1/+1 counters on this creature, then earthbend 2. (Target land you control becomes a 0/0 creature with haste that's still a land. Put two +1/+1 counters on it. When it dies or is exiled, return it to the battlefield tapped. Activate each exhaust ability only once.)",{1}{G},2.2,TLA,Avatar: The Last Airbender,191,normal,common,3,108293,e64a4a8b-323c-4c8b-92af-1a3295799e65,0.02,FALSE,FALSE,near_mint,en,USD
Lost Days,U,"The owner of target creature or enchantment puts it into their library second from the top or on the bottom. You create a Clue token. (It's an artifact with ""{2}, Sacrifice this token: Draw a card."")",{4}{U},,TLA,Avatar: The Last Airbender,62,normal,common,1,109559,db8e88e3-0931-403f-90e7-3c22c0b61dac,0.03,FALSE,FALSE,near_mint,en,USD
Fire Nation Attacks,R,"Create two 2/2 red Soldier creature tokens with firebending 1. (Whenever a creature with firebending 1 attacks, add {R}. This mana lasts until end of combat.) | Flashback {8}{R} (You may cast this card from your graveyard for its flashback cost. Then exile it.)",{4}{R},,TLA,Avatar: The Last Airbender,133,normal,uncommon,1,108131,9cc10845-8989-46ca-a57a-fd728fca0729,0.04,FALSE,FALSE,near_mint,en,USD
Octopus Form,U,Target creature you control gets +1/+1 and gains hexproof until end of turn. Untap it. (It can't be the target of spells or abilities your opponents control.),{U},,TLA,Avatar: The Last Airbender,66,normal,common,2,109543,ce96a826-53a0-4029-bf34-46779d133b13,0.1,FALSE,FALSE,near_mint,en,USD
Combustion Technique,R,"Combustion Technique deals damage equal to 2 plus the number of Lesson cards in your graveyard to target creature. If that creature would die this turn, exile it instead.",{1}{R},,TLA,Avatar: The Last Airbender,128,normal,uncommon,2,109834,fdcca576-2ef2-44cc-9944-a92bd146444a,0.15,FALSE,FALSE,near_mint,en,USD
Abandon Attachments,"R, U","You may discard a card. If you do, draw two cards.",{1}{U/R},,TLA,Avatar: The Last Airbender,205,normal,common,2,108228,74ca45a4-97ab-4255-9129-884e8b42b984,0.15,FALSE,FALSE,near_mint,en,USD
Sold Out,B,"Exile target creature. If it was dealt damage this turn, create a Clue token. (It's an artifact with ""{2}, Sacrifice this token: Draw a card."")",{3}{B},,TLA,Avatar: The Last Airbender,119,normal,common,2,109389,1affba6d-2cca-4cdf-8690-1e23ffbe8462,0.03,FALSE,FALSE,near_mint,en,USD
Azula Always Lies,B,Choose one or both — | • Target creature gets -1/-1 until end of turn. | • Put a +1/+1 counter on target creature.,{1}{B},,TLA,Avatar: The Last Airbender,84,normal,common,1,108194,416b9207-a2af-44d1-9b87-4943f6e46d42,0.05,FALSE,FALSE,near_mint,en,USD
Lightning Strike,R,Lightning Strike deals 3 damage to any target.,{1}{R},,TLA,Avatar: The Last Airbender,146,normal,common,2,108213,5787b0e0-9469-4a6d-8b81-c992628e28c0,0.04,FALSE,FALSE,near_mint,en,USD
Serpent's Pass,Colorless,"This land enters tapped. | {T}: Add {U} or {B}. | {4}, {T}, Sacrifice this land: Draw a card.",,,TLA,Avatar: The Last Airbender,279,normal,common,2,109514,ad87bff5-9b8c-44e4-a6d3-8cc71be9640a,0.06,FALSE,FALSE,near_mint,en,USD
Plains,Colorless,({T}: Add {W}.),,,TLA,Avatar: The Last Airbender,282,normal,common,3,108193,4069fb4a-8ee1-41ef-ab93-39a8cc58e0e5,0.06,FALSE,FALSE,near_mint,en,USD
Island,Colorless,({T}: Add {U}.),,,TLA,Avatar: The Last Airbender,283,normal,common,1,108255,a2e22347-f0cb-4cfd-88a3-4f46a16e4946,0.07,FALSE,FALSE,near_mint,en,USD
Ally,W,,,1.1,TTLA,Avatar: The Last Airbender Tokens,4,normal,common,1,109995,f842c52a-04b6-4625-ba58-45b043ada340,,FALSE,FALSE,near_mint,en,USD
Ally,W,,,1.1,TTLA,Avatar: The Last Airbender Tokens,5,normal,common,1,109982,cae9c13e-fda2-4591-bd52-888d12194e4d,,FALSE,FALSE,near_mint,en,USD
Dragon,Colorless,Flying,,4.4,TTLA,Avatar: The Last Airbender Tokens,9,normal,common,1,109983,cddc0746-6d3e-441f-866f-28587bf54801,,FALSE,FALSE,near_mint,en,USD
Clue,Colorless,"{2}, Sacrifice this token: Draw a card.",,,TTLA,Avatar: The Last Airbender Tokens,16,normal,common,1,109953,4c9669e6-e093-4f88-9699-a1a32793bfa9,,FALSE,FALSE,near_mint,en,USD
Firebending Lesson,R,"Kicker {4} (You may pay an additional {4} as you cast this spell.) | Firebending Lesson deals 2 damage to target creature. If this spell was kicked, it deals 5 damage to that creature instead.",{R},,TLA,Avatar: The Last Airbender,138,normal,common,3,109926,fa940e68-010e-4b68-be8a-555d7068f7b4,0.09,FALSE,FALSE,near_mint,en,USD
Sokka's Haiku,U,"Counter target spell. | Draw a card, then mill three cards. | Untap target land.",{3}{U}{U},,TLA,Avatar: The Last Airbender,71,normal,uncommon,4,108102,004be4bc-ac3c-4026-8d36-f4687ab18c70,0.06,FALSE,FALSE,near_mint,en,USD
It'll Quench Ya!,U,Counter target spell unless its controller pays {2}.,{1}{U},,TLA,Avatar: The Last Airbender,58,normal,common,3,108199,47c25e41-f43c-4447-81b5-b9631448bd29,0.09,FALSE,FALSE,near_mint,en,USD
Invasion Submersible,U,"When this Vehicle enters, return up to one other target nonland permanent to its owner's hand. | Exhaust — Waterbend {3}: This Vehicle becomes an artifact creature. Put three +1/+1 counters on it. (While paying a waterbend cost, you can tap your artifacts and creatures to help. Each one pays for {1}. Activate each exhaust ability only once.)",{2}{U},0.0,TLA,Avatar: The Last Airbender,57,normal,uncommon,2,109516,af5299f5-1633-4c07-ade5-fd47e29ea4aa,0.09,FALSE,FALSE,near_mint,en,USD
Fatal Fissure,B,"Choose target creature. When that creature dies this turn, you earthbend 4. (Target land you control becomes a 0/0 creature with haste that's still a land. Put four +1/+1 counters on it. When it dies or is exiled, return it to the battlefield tapped.)",{1}{B},,TLA,Avatar: The Last Airbender,97,normal,uncommon,1,109671,3343933d-4425-4ede-8d92-876bd0c6df60,0.04,FALSE,FALSE,near_mint,en,USD
Zuko's Conviction,B,"Kicker {4} (You may pay an additional {4} as you cast this spell.) | Return target creature card from your graveyard to your hand. If this spell was kicked, instead put that card onto the battlefield tapped.",{B},,TLA,Avatar: The Last Airbender,123,normal,uncommon,2,109923,ad8933d6-cdc7-4d60-a78e-b43ffecfb136,0.07,FALSE,FALSE,near_mint,en,USD
Hog-Monkey,B,"At the beginning of combat on your turn, target creature you control with a +1/+1 counter on it gains menace until end of turn. (It can't be blocked except by two or more creatures.) | Exhaust — {5}: Put two +1/+1 counters on this creature. (Activate each exhaust ability only once.)",{2}{B},3.2,TLA,Avatar: The Last Airbender,104,normal,common,2,108206,4f442970-5355-4abf-8684-17daaa8e469b,0.04,FALSE,FALSE,near_mint,en,USD
Callous Inspector,B,"Menace (This creature can't be blocked except by two or more creatures.) | When this creature dies, it deals 1 damage to you. Create a Clue token. (It's an artifact with ""{2}, Sacrifice this token: Draw a card."")",{B},1.1,TLA,Avatar: The Last Airbender,89,normal,common,2,109579,f22610e9-6b14-4914-bb67-bd6723bec9aa,0.05,FALSE,FALSE,near_mint,en,USD
"Jeong Jeong, the Deserter",R,"Firebending 1 (Whenever this creature attacks, add {R}. This mana lasts until end of combat.) | Exhaust — {3}: Put a +1/+1 counter on Jeong Jeong. When you next cast a Lesson spell this turn, copy it and you may choose new targets for the copy.",{2}{R},2.3,TLA,Avatar: The Last Airbender,142,normal,uncommon,1,109510,a9f63d3b-bee5-48bc-8b04-d8b24b0bda6e,0.07,FALSE,FALSE,near_mint,en,USD
"Momo, Playful Pet",W,"Flying, vigilance | When Momo leaves the battlefield, choose one — | • Create a Food token. (It's an artifact with ""{2}, {T}, Sacrifice this token: You gain 3 life."") | • Put a +1/+1 counter on target creature you control. | • Scry 2.",{W},1.1,TLA,Avatar: The Last Airbender,30,normal,uncommon,1,109491,9350bf4a-fa12-4867-b31f-1f1394d99571,0.15,FALSE,FALSE,near_mint,en,USD
"Appa, Steadfast Guardian",W,"Flash | Flying | When Appa enters, airbend any number of other target nonland permanents you control. (Exile them. While each one is exiled, its owner may cast it for {2} rather than its mana cost.) | Whenever you cast a spell from exile, create a 1/1 white Ally creature token.",{2}{W}{W},3.4,TLA,Avatar: The Last Airbender,10,normal,mythic,1,108127,829d91e9-4878-4e55-a262-ac0d55b65d4e,19,FALSE,FALSE,near_mint,en,USD
The Legend of Kuruk // Avatar Kuruk,Colorless,,,,TLA,Avatar: The Last Airbender,61,normal,mythic,1,109444,5e9a53d3-7f2f-4a9c-9516-0713da740478,1.87,FALSE,FALSE,near_mint,en,USD
Gran-Gran,U,"Whenever Gran-Gran becomes tapped, draw a card, then discard a card. | Noncreature spells you cast cost {1} less to cast as long as there are three or more Lesson cards in your graveyard.",{U},1.2,TLA,Avatar: The Last Airbender,54,normal,uncommon,1,109586,fa434b41-e5f7-4989-865a-95db67b05cb1,0.08,FALSE,FALSE,near_mint,en,USD
"Flopsie, Bumi's Buddy",G,"When Flopsie enters, put a +1/+1 counter on each creature you control. | Each creature you control with power 4 or greater can't be blocked by more than one creature.",{4}{G}{G},4.4,TLA,Avatar: The Last Airbender,179,normal,uncommon,1,108156,082f4abc-c09f-42cf-977f-060875dfd411,0.09,FALSE,FALSE,near_mint,en,USD
"Long Feng, Grand Secretariat","B, G","Whenever another creature you control or a land you control is put into a graveyard from the battlefield, put a +1/+1 counter on target creature you control.",{1}{B/G}{B/G},2.3,TLA,Avatar: The Last Airbender,233,normal,uncommon,1,108257,a3eb92fe-bc59-4472-9028-f368bd015609,0.1,FALSE,FALSE,near_mint,en,USD
"Teo, Spirited Glider",U,"Flying | Whenever one or more creatures you control with flying attack, draw a card, then discard a card. When you discard a nonland card this way, put a +1/+1 counter on target creature you control.",{3}{U},1.4,TLA,Avatar: The Last Airbender,74,normal,uncommon,1,109450,66906ed4-baac-4be0-9359-34f453d1a04a,0.08,FALSE,FALSE,near_mint,en,USD
"Haru, Hidden Talent",G,"Whenever another Ally you control enters, earthbend 1. (Target land you control becomes a 0/0 creature with haste that's still a land. Put a +1/+1 counter on it. When it dies or is exiled, return it to the battlefield tapped.)",{1}{G},1.1,TLA,Avatar: The Last Airbender,182,normal,uncommon,2,108248,9657a0c0-2c26-4331-8e62-f032265a01af,0.12,FALSE,FALSE,near_mint,en,USD
"Katara, Bending Prodigy",U,"At the beginning of your end step, if Katara is tapped, put a +1/+1 counter on her. | Waterbend {6}: Draw a card. (While paying a waterbend cost, you can tap your artifacts and creatures to help. Each one pays for {1}.)",{2}{U},2.3,TLA,Avatar: The Last Airbender,59,normal,uncommon,2,108294,e8372167-383f-4302-a8ea-b6bf495c870c,0.12,FALSE,FALSE,near_mint,en,USD
"Zuko, Exiled Prince",R,"Firebending 3 (Whenever this creature attacks, add {R}{R}{R}. This mana lasts until end of combat.) | {3}: Exile the top card of your library. You may play that card this turn.",{3}{R},4.3,TLA,Avatar: The Last Airbender,163,normal,uncommon,2,108221,6a73b372-9c0e-4a85-89d2-440163330687,0.09,FALSE,FALSE,near_mint,en,USD
"Zhao, Ruthless Admiral","B, R","Firebending 2 (Whenever this creature attacks, add {R}{R}. This mana lasts until end of combat.) | Whenever you sacrifice another permanent, creatures you control get +1/+0 until end of turn.",{2}{B/R}{B/R},3.4,TLA,Avatar: The Last Airbender,252,normal,uncommon,2,109417,3fd48a57-b0bb-4177-a0f3-bd317a179cbe,0.06,FALSE,FALSE,near_mint,en,USD
Master Pakku,U,"Prowess (Whenever you cast a noncreature spell, this creature gets +1/+1 until end of turn.) | Whenever Master Pakku becomes tapped, target player mills X cards, where X is the number of Lesson cards in your graveyard. (They put the top X cards of their library into their graveyard.)",{1}{U},1.3,TLA,Avatar: The Last Airbender,63,normal,uncommon,1,108246,91e30df5-63f7-4281-8d64-8d522d663652,0.08,FALSE,FALSE,near_mint,en,USD
"Lo and Li, Twin Tutors",B,"When Lo and Li enter, search your library for a Lesson or Noble card, reveal it, put it into your hand, then shuffle. | Noble creatures you control and Lesson spells you control have lifelink.",{4}{B},2.2,TLA,Avatar: The Last Airbender,108,normal,uncommon,1,109794,cba9260d-ef07-4429-99f9-6004cc1fea0f,0.06,FALSE,FALSE,near_mint,en,USD
Uncle Iroh,"G, R","Firebending 1 (Whenever this creature attacks, add {R}. This mana lasts until end of combat.) | Lesson spells you cast cost {1} less to cast.",{1}{R/G}{R/G},4.2,TLA,Avatar: The Last Airbender,248,normal,uncommon,1,109443,5c88672c-0eba-4e93-a0ec-30bbb1bb7661,0.08,FALSE,FALSE,near_mint,en,USD
Fire Lord Zuko,"B, R, W","Firebending X, where X is Fire Lord Zuko's power. (Whenever this creature attacks, add X {R}. This mana lasts until end of combat.) | Whenever you cast a spell from exile and whenever a permanent you control enters from exile, put a +1/+1 counter on each creature you control.",{R}{W}{B},2.4,TLA,Avatar: The Last Airbender,221,normal,rare,1,108140,e62d3bcc-7bb4-42be-90a9-caf3c1caa29d,0.55,FALSE,FALSE,near_mint,en,USD
"Koh, the Face Stealer",B,"When Koh enters, exile up to one other target creature. | Whenever another nontoken creature dies, you may exile it. | Pay 1 life: Choose a creature card exiled with Koh. | Koh has all activated and triggered abilities of the last chosen card.",{4}{B}{B},6.6,TLA,Avatar: The Last Airbender,107,normal,mythic,1,109663,28f6fa32-5058-4c29-9ba8-9d8f2057eb6d,1.27,FALSE,FALSE,near_mint,en,USD
"Katara, Water Tribe's Hope","U, W","Vigilance | When Katara enters, create a 1/1 white Ally creature token. | Waterbend {X}: Creatures you control have base power and toughness X/X until end of turn. X can't be 0. Activate only during your turn. (While paying a waterbend cost, you can tap your artifacts and creatures to help. Each one pays for {1}.)",{2}{W}{U}{U},3.3,TLA,Avatar: The Last Airbender,231,normal,rare,1,108132,9ec03308-59a2-417a-938f-bdda75080e43,0.26,FALSE,FALSE,near_mint,en,USD
"Iroh, Grand Lotus","G, R, U","Firebending 2 | During your turn, each non-Lesson instant and sorcery card in your graveyard has flashback. The flashback cost is equal to that card's mana cost. (You may cast a card from your graveyard for its flashback cost. Then exile it.) | During your turn, each Lesson card in your graveyard has flashback {1}.",{3}{G}{U}{R},5.5,TLA,Avatar: The Last Airbender,227,normal,rare,1,109482,879b73d3-4552-4fdc-baee-c4d097ae9a4f,0.52,FALSE,FALSE,near_mint,en,USD
"Bumi, Unleashed","G, R","Trample | When Bumi enters, earthbend 4. | Whenever Bumi deals combat damage to a player, untap all lands you control. After this phase, there is an additional combat phase. Only land creatures can attack during that combat phase.",{3}{R}{G},5.4,TLA,Avatar: The Last Airbender,348,normal,mythic,1,109462,7143a5ba-c597-4f8b-9f39-15849e298a6f,8.8,FALSE,FALSE,near_mint,en,USD
"Mai, Scornful Striker",B,"First strike | Whenever a player casts a noncreature spell, they lose 2 life.",{1}{B},2.2,TLA,Avatar: The Last Airbender,109,normal,rare,1,109465,74dd4c0e-27b8-4c47-b7a6-a281413cd6b4,2.03,FALSE,FALSE,near_mint,en,USD
"Suki, Kyoshi Captain",W,Other Warriors you control get +1/+1. | {3}{W}: Attacking Warriors you control gain double strike until end of turn.,{2}{W},3.3,TLE,Avatar: The Last Airbender Eternal,85,normal,rare,1,109748,97f713ae-c70a-401c-ad10-323f1d7b8f47,1,FALSE,FALSE,near_mint,en,USD
Foggy Swamp Vinebender,G,"This creature can't be blocked by creatures with power 2 or less. | Waterbend {5}: Put a +1/+1 counter on this creature. Activate only during your turn. (While paying a waterbend cost, you can tap your artifacts and creatures to help. Each one pays for {1}.)",{3}{G},4.3,TLA,Avatar: The Last Airbender,180,normal,common,1,109727,78a75317-94f7-47a4-b4da-5a027fa73248,0.03,FALSE,FALSE,near_mint,en,USD
Merchant of Many Hats,B,{2}{B}: Return this card from your graveyard to your hand.,{1}{B},2.2,TLA,Avatar: The Last Airbender,110,normal,common,1,108229,752ffa24-93b6-4b33-bf10-7222357ac472,0.05,FALSE,FALSE,near_mint,en,USD
Sun Warriors,"R, W","Firebending X, where X is the number of creatures you control. (Whenever this creature attacks, add X {R}. This mana lasts until end of combat.) | {5}: Create a 1/1 white Ally creature token.",{2}{R}{W},3.5,TLA,Avatar: The Last Airbender,244,normal,uncommon,1,109567,e477d750-42d2-48c8-bc1f-8148d15d5f53,0.13,FALSE,FALSE,near_mint,en,USD
Tiger-Dillo,R,This creature can't attack or block unless you control another creature with power 4 or greater.,{1}{R},4.3,TLA,Avatar: The Last Airbender,155,normal,uncommon,1,109369,067bd117-04e6-410e-89c4-6d431d627751,0.07,FALSE,FALSE,near_mint,en,USD
Canyon Crawler,B,"Deathtouch | When this creature enters, create a Food token. (It's an artifact with ""{2}, {T}, Sacrifice this token: You gain 3 life."") | Swampcycling {2} ({2}, Discard this card: Search your library for a Swamp card, reveal it, put it into your hand, then shuffle.)",{4}{B}{B},6.6,TLA,Avatar: The Last Airbender,90,normal,common,1,109668,30a30bfb-f0f3-425b-b37d-20079ee27046,0.02,FALSE,FALSE,near_mint,en,USD
Deserter's Disciple,R,{T}: Another target creature you control with power 2 or less can't be blocked this turn.,{1}{R},2.2,TLA,Avatar: The Last Airbender,131,normal,common,1,108164,14f2ed5a-042b-4cce-82ad-cfb4bd511d98,0.02,FALSE,FALSE,near_mint,en,USD
Turtle-Duck,G,"{3}: Until end of turn, this creature has base power 4 and gains trample.",{G},0.4,TLA,Avatar: The Last Airbender,200,normal,common,1,108264,aefcd734-3916-4c77-9d98-3ea2c2795658,0.05,FALSE,FALSE,near_mint,en,USD
Mongoose Lizard,R,"Menace (This creature can't be blocked except by two or more creatures.) | When this creature enters, it deals 1 damage to any target. | Mountaincycling {2} ({2}, Discard this card: Search your library for a Mountain card, reveal it, put it into your hand, then shuffle.)",{4}{R}{R},5.6,TLA,Avatar: The Last Airbender,148,normal,common,1,108232,7d40b9cb-82ef-44c5-8d3c-c8bb4ce9891c,0.07,FALSE,FALSE,near_mint,en,USD
Treetop Freedom Fighters,R,"Haste | When this creature enters, create a 1/1 white Ally creature token.",{2}{R},2.1,TLA,Avatar: The Last Airbender,156,normal,common,1,109507,a9394200-7ffc-440f-8b5f-c08b7930133c,0.03,FALSE,FALSE,near_mint,en,USD
Ostrich-Horse,G,"When this creature enters, mill three cards. You may put a land card from among them into your hand. If you don't, put a +1/+1 counter on this creature. (To mill three cards, put the top three cards of your library into your graveyard.)",{2}{G},3.1,TLA,Avatar: The Last Airbender,188,normal,common,1,108215,5ca3fd45-9301-44ef-afc0-4d7999d66d36,0.05,FALSE,FALSE,near_mint,en,USD
Iguana Parrot,U,"Flying, vigilance | Prowess (Whenever you cast a noncreature spell, this creature gets +1/+1 until end of turn.)",{2}{U},2.2,TLA,Avatar: The Last Airbender,56,normal,common,1,108235,7faa3e3d-c08a-4908-85ef-1370d3f90815,0.05,FALSE,FALSE,near_mint,en,USD
Earth Village Ruffians,"B, G","When this creature dies, earthbend 2. (Target land you control becomes a 0/0 creature with haste that's still a land. Put two +1/+1 counters on it. When it dies or is exiled, return it to the battlefield tapped.)",{2}{B/G},3.1,TLA,Avatar: The Last Airbender,219,normal,common,1,108212,56d4e0b7-232f-4953-84a3-e6f17781aa45,0.02,FALSE,FALSE,near_mint,en,USD
Flexible Waterbender,U,"Vigilance | Waterbend {3}: This creature has base power and toughness 5/2 until end of turn. (While paying a waterbend cost, you can tap your artifacts and creatures to help. Each one pays for {1}.)",{3}{U},2.5,TLA,Avatar: The Last Airbender,50,normal,common,1,108163,1447ebce-7e48-4b21-a39c-740920538bdd,0.02,FALSE,FALSE,near_mint,en,USD
Raucous Audience,G,"{T}: Add {G}. If you control a creature with power 4 or greater, add {G}{G} instead.",{1}{G},2.1,TLA,Avatar: The Last Airbender,190,normal,common,1,108279,ccd03ec3-0fae-48b2-9f04-9c57d2f94267,0.07,FALSE,FALSE,near_mint,en,USD
Boar-q-pine,R,"Whenever you cast a noncreature spell, put a +1/+1 counter on this creature.",{2}{R},2.2,TLA,Avatar: The Last Airbender,124,normal,common,1,109629,087a445c-5f63-45d6-83e8-20d22650db20,0.06,FALSE,FALSE,near_mint,en,USD
First-Time Flyer,U,Flying | This creature gets +1/+1 as long as there's a Lesson card in your graveyard.,{1}{U},1.2,TLA,Avatar: The Last Airbender,49,normal,common,1,108296,ea22d29d-3a62-4ae2-91d5-21a678be9b48,0.03,FALSE,FALSE,near_mint,en,USD
Platypus-Bear,"G, U","Defender | When this creature enters, mill two cards. (Put the top two cards of your library into your graveyard.) | As long as there is a Lesson card in your graveyard, this creature can attack as though it didn't have defender.",{1}{G/U},2.3,TLA,Avatar: The Last Airbender,236,normal,common,1,109474,7ebf742a-3995-4b22-9dc7-b05f57889683,0.06,FALSE,FALSE,near_mint,en,USD
Pirate Peddlers,B,"Deathtouch | Whenever you sacrifice another permanent, put a +1/+1 counter on this creature.",{2}{B},2.2,TLA,Avatar: The Last Airbender,115,normal,common,1,109919,5c998994-6c3b-4f34-9b31-babba2b17266,0.06,FALSE,FALSE,near_mint,en,USD
Dragonfly Swarm,"R, U","Flying, ward {1} (Whenever this creature becomes the target of a spell or ability an opponent controls, counter it unless that player pays {1}.) | This creature's power is equal to the number of noncreature, nonland cards in your graveyard. | When this creature dies, if there's a Lesson card in your graveyard, draw a card.",{1}{U}{R},*.3,TLA,Avatar: The Last Airbender,215,normal,uncommon,1,109387,16be5cc4-b15a-4c5e-8a6e-05c87b519127,0.09,FALSE,FALSE,near_mint,en,USD
Eel-Hounds,G,"Trample (This creature can deal excess combat damage to the player it's attacking.) | Whenever this creature attacks, another target creature you control gets +2/+2 and gains trample until end of turn.",{3}{G},4.2,TLE,Avatar: The Last Airbender Eternal,250,normal,uncommon,1,108151,05a50445-6d0f-423d-b27b-b2b0611f85d5,0.42,FALSE,FALSE,near_mint,en,USD
Turtle-Seals,U,Vigilance (Attacking doesn't cause this creature to tap.),{3}{U},2.4,TLE,Avatar: The Last Airbender Eternal,226,normal,common,1,108188,3a144e7f-e0f7-4346-a4e8-f4a358c3b4a9,0.69,FALSE,FALSE,near_mint,en,USD
Fire Nation Cadets,R,"This creature has firebending 2 as long as there's a Lesson card in your graveyard. (Whenever this creature attacks, add {R}{R}. This mana lasts until end of combat.) | {2}: This creature gets +1/+0 until end of turn.",{R},1.2,TLA,Avatar: The Last Airbender,134,normal,common,1,109388,1a3a862c-9c9a-41cd-94d1-2d0cff22a6cd,0.02,FALSE,FALSE,near_mint,en,USD
Vindictive Warden,"B, R","Menace (This creature can't be blocked except by two or more creatures.) | Firebending 1 (Whenever this creature attacks, add {R}. This mana lasts until end of combat.) | {3}: This creature deals 1 damage to each opponent.",{2}{B/R},2.3,TLA,Avatar: The Last Airbender,249,normal,common,1,108159,0f34de05-39a9-425f-a3b4-3a9d46c917ac,0.04,FALSE,FALSE,near_mint,en,USD
Great Divide Guide,G,"Each land and Ally you control has ""{T}: Add one mana of any color.""",{1}{G},2.3,TLA,Avatar: The Last Airbender,181,normal,rare,1,109795,cc3063ec-5ea6-46c1-8331-c740cbaf6c76,0.92,FALSE,FALSE,near_mint,en,USD
Lightning Bolt,R,Lightning Bolt deals 3 damage to any target.,{R},,TLE,Avatar: The Last Airbender Eternal,32,normal,mythic,1,109961,6881d7c8-5bb7-4f8c-9f03-50fb1309d9c8,2.55,FALSE,FALSE,near_mint,en,USD
Zuko's Exile,Colorless,"Exile target artifact, creature, or enchantment. Its controller creates a Clue token. (It's an artifact with ""{2}, Sacrifice this token: Draw a card."")",{5},,TLA,Avatar: The Last Airbender,3,normal,common,1,109489,9090b055-3406-4fed-a8c6-3f6353a9600e,0.08,FALSE,FALSE,near_mint,en,USD
Enter the Avatar State,W,"Until end of turn, target creature you control becomes an Avatar in addition to its other types and gains flying, first strike, lifelink, and hexproof. (A creature with hexproof can't be the target of spells or abilities your opponents control.)",{W},,TLA,Avatar: The Last Airbender,18,normal,uncommon,1,109766,a8f3d2cb-d073-4df8-8769-49612628a377,0.16,FALSE,FALSE,near_mint,en,USD
Cycle of Renewal,G,"Sacrifice a land. Search your library for up to two basic land cards, put them onto the battlefield tapped, then shuffle.",{2}{G},,TLA,Avatar: The Last Airbender,170,normal,common,1,109398,233f4a05-057b-48f4-8f56-8d4a060a40e4,0.16,FALSE,FALSE,near_mint,en,USD
How to Start a Riot,R,Target creature gains menace until end of turn. (It can't be blocked except by two or more creatures.) | Creatures target player controls get +2/+0 until end of turn.,{2}{R},,TLA,Avatar: The Last Airbender,140,normal,common,1,108174,23b3bf1e-ea85-47f5-8473-4d16615f68d7,0.04,FALSE,FALSE,near_mint,en,USD
Heartless Act,B,Choose one — | • Destroy target creature with no counters on it. | • Remove up to three counters from target creature.,{1}{B},,TLA,Avatar: The Last Airbender,103,normal,uncommon,1,108268,b57c57a8-d72b-4c6c-a2db-a7ef61190f42,0.11,FALSE,FALSE,near_mint,en,USD
Sandbenders' Storm,W,"Choose one— | • Destroy target creature with power 4 or greater. | • Earthbend 3. (Target land you control becomes a 0/0 creature with haste that's still a land. Put three +1/+1 counters on it. When it dies or is exiled, return it to the battlefield tapped.)",{3}{W},,TLA,Avatar: The Last Airbender,34,normal,common,1,109779,b3bf4a25-4329-4318-870a-2b06aa620dc4,0.03,FALSE,FALSE,near_mint,en,USD
Rocky Rebuke,G,Target creature you control deals damage equal to its power to target creature an opponent controls.,{1}{G},,TLA,Avatar: The Last Airbender,193,normal,common,1,108211,52fd910f-6d42-41f5-a4be-f375aa254ea2,0.05,FALSE,FALSE,near_mint,en,USD
Razor Rings,W,Razor Rings deals 4 damage to target attacking or blocking creature. You gain life equal to the excess damage dealt this way.,{1}{W},,TLA,Avatar: The Last Airbender,33,normal,common,1,108265,b05cfee5-ee59-4df6-a5f6-d9ef0fa7f98a,0.06,FALSE,FALSE,near_mint,en,USD
Accumulate Wisdom,U,Look at the top three cards of your library. Put one of those cards into your hand and the rest on the bottom of your library in any order. Put each of those cards into your hand instead if there are three or more Lesson cards in your graveyard.,{1}{U},,TLA,Avatar: The Last Airbender,44,normal,uncommon,1,109763,a6335319-6c92-40d4-ab2d-c06c79049c30,0.36,FALSE,FALSE,near_mint,en,USD
Cunning Maneuver,R,"Target creature gets +3/+1 until end of turn. | Create a Clue token. (It's an artifact with ""{2}, Sacrifice this token: Draw a card."")",{1}{R},,TLA,Avatar: The Last Airbender,130,normal,common,1,109380,0ff7c993-ba29-43b0-9639-7c4bc0292fa2,0.04,FALSE,FALSE,near_mint,en,USD
Aang's Iceberg,W,"Flash | When this enchantment enters, exile up to one other target nonland permanent until this enchantment leaves the battlefield. | Waterbend {3}: Sacrifice this enchantment. If you do, scry 2. (While paying a waterbend cost, you can tap your artifacts and creatures to help. Each one pays for {1}.)",{2}{W},,TLA,Avatar: The Last Airbender,5,normal,rare,1,108123,720fbd87-b1c1-4b3b-97a1-46b943b115e3,0.24,FALSE,FALSE,near_mint,en,USD
The Cave of Two Lovers,R,"(As this Saga enters and after your draw step, add a lore counter. Sacrifice after III.) | I — Create two 1/1 white Ally creature tokens. | II — Search your library for a Mountain or Cave card, reveal it, put it into your hand, then shuffle. | III — Earthbend 3. (Target land you control becomes a 0/0 creature with haste that's still a land. Put three +1/+1 counters on it. When it dies or is exiled, return it to the battlefield tapped.)",{3}{R},,TLA,Avatar: The Last Airbender,126,normal,uncommon,1,109432,50bf5c8b-f218-46b7-843c-8d8083f02fd2,0.08,FALSE,FALSE,near_mint,en,USD
Path to Redemption,W,"Enchant creature | Enchanted creature can't attack or block. | {5}, Sacrifice this Aura: Exile enchanted creature. Create a 1/1 white Ally creature token. Activate only during your turn.",{1}{W},,TLA,Avatar: The Last Airbender,31,normal,common,1,108310,f936d64a-0db4-49c1-8a57-6d99e012a555,0.03,FALSE,FALSE,near_mint,en,USD
Honest Work,U,"Enchant creature an opponent controls | When this Aura enters, tap enchanted creature and remove all counters from it. | Enchanted creature loses all abilities and is a Citizen with base power and toughness 1/1 and ""{T}: Add {C}"" named Humble Merchant. (It loses all other creature types and names.)",{U},,TLA,Avatar: The Last Airbender,55,normal,uncommon,1,109439,57e0ccb0-22f0-4e4d-9a47-c4fec2c7f251,0.12,FALSE,FALSE,near_mint,en,USD
Southern Air Temple,W,"When Southern Air Temple enters, put X +1/+1 counters on each creature you control, where X is the number of Shrines you control. | Whenever another Shrine you control enters, put a +1/+1 counter on each creature you control.",{3}{W},,TLA,Avatar: The Last Airbender,36,normal,uncommon,1,108118,5c172f9b-2184-4736-9f90-74ce08596292,0.15,FALSE,FALSE,near_mint,en,USD
Firebender Ascension,R,"When this enchantment enters, create a 2/2 red Soldier creature token with firebending 1. | Whenever a creature you control attacking causes a triggered ability of that creature to trigger, put a quest counter on this enchantment. Then if it has four or more quest counters on it, you may copy that ability. You may choose new targets for the copy.",{1}{R},,TLA,Avatar: The Last Airbender,137,normal,rare,1,109405,2929b702-03c6-4cf0-a3f7-61b27f4803be,1.31,FALSE,FALSE,near_mint,en,USD
Airbender Ascension,W,"When this enchantment enters, airbend up to one target creature. | Whenever a creature you control enters, put a quest counter on this enchantment. | At the beginning of your end step, if this enchantment has four or more quest counters on it, exile up to one target creature you control, then return it to the battlefield under its owner's control.",{1}{W},,TLA,Avatar: The Last Airbender,6,normal,rare,1,109497,99a90d13-891c-45cc-b1d5-6080ebae5862,0.88,FALSE,FALSE,near_mint,en,USD
Ozai's Cruelty,B,Ozai's Cruelty deals 2 damage to target player. That player discards two cards.,{2}{B},,TLA,Avatar: The Last Airbender,113,normal,uncommon,2,108173,22cad680-d46a-4589-a633-b6ee9a78d61e,0.08,FALSE,FALSE,near_mint,en,USD
Gamble,R,"Search your library for a card, put that card into your hand, discard a card at random, then shuffle.",{R},,TLE,Avatar: The Last Airbender Eternal,312,normal,rare,1,109682,3bce6015-a7df-43d4-849b-0f306d501658,9.9,FALSE,FALSE,near_mint,en,USD
Price of Freedom,R,"Destroy target artifact or land an opponent controls. Its controller may search their library for a basic land card, put it onto the battlefield tapped, then shuffle. | Draw a card.",{1}{R},,TLA,Avatar: The Last Airbender,149,normal,uncommon,1,109503,9fbe94e9-a71d-4a31-9210-c599abe08e3f,0.22,FALSE,FALSE,near_mint,en,USD
Seismic Sense,G,"Look at the top X cards of your library, where X is the number of lands you control. You may reveal a creature or land card from among them and put it into your hand. Put the rest on the bottom of your library in a random order.",{G},,TLA,Avatar: The Last Airbender,195,normal,uncommon,1,109506,a7b93c2a-c478-4734-8aca-03f3e9c11b20,0.15,FALSE,FALSE,near_mint,en,USD
Jet's Brainwashing,R,"Kicker {3} (You may pay an additional {3} as you cast this spell.) | Target creature can't block this turn. If this spell was kicked, gain control of that creature until end of turn, untap it, and it gains haste until end of turn. | Create a Clue token. (It's an artifact with ""{2}, Sacrifice this token: Draw a card."")",{R},,TLA,Avatar: The Last Airbender,143,normal,uncommon,1,109519,b17e8bdb-4b91-4a9d-bfe1-8a55f0bd040b,0.08,FALSE,FALSE,near_mint,en,USD
Gather the White Lotus,W,"Create a 1/1 white Ally creature token for each Plains you control. Scry 2. (Look at the top two cards of your library, then put any number of them on the bottom and the rest on top in any order.)",{4}{W},,TLA,Avatar: The Last Airbender,20,normal,uncommon,1,109495,96e2b3d0-f060-4f3c-9d12-a0444b202008,0.06,FALSE,FALSE,near_mint,en,USD
Waterbending Lesson,U,"Draw three cards. Then discard a card unless you waterbend {2}. (While paying a waterbend cost, you can tap your artifacts and creatures to help. Each one pays for {1}.)",{3}{U},,TLA,Avatar: The Last Airbender,80,normal,common,2,108207,4f81e3b5-a0a9-4764-8c2d-b499ce1740b4,0.07,FALSE,FALSE,near_mint,en,USD
Aang's Journey,Colorless,"Kicker {2} (You may pay an additional {2} as you cast this spell.) | Search your library for a basic land card. If this spell was kicked, instead search your library for a basic land card and a Shrine card. Reveal those cards, put them into your hand, then shuffle. | You gain 2 life.",{2},,TLA,Avatar: The Last Airbender,1,normal,common,2,108119,5e51f727-5a9b-4bc7-83a9-dbcf1c933e15,0.11,FALSE,FALSE,near_mint,en,USD
Shared Roots,G,"Search your library for a basic land card, put it onto the battlefield tapped, then shuffle.",{1}{G},,TLA,Avatar: The Last Airbender,196,normal,uncommon,1,109570,e7847ba5-e85e-417f-96c0-aef2e6f83994,0.46,FALSE,FALSE,near_mint,en,USD
Rockalanche,G,"Earthbend X, where X is the number of Forests you control. (Target land you control becomes a 0/0 creature with haste that's still a land. Put X +1/+1 counters on it. When it dies or is exiled, return it to the battlefield tapped.) | Flashback {5}{G} (You may cast this card from your graveyard for its flashback cost. Then exile it.)",{2}{G},,TLA,Avatar: The Last Airbender,192,normal,uncommon,1,109701,52b213d3-6f68-43e6-91e9-435d8fe1f34c,0.12,FALSE,FALSE,near_mint,en,USD
Earth Kingdom Protectors,W,"Vigilance | Sacrifice this creature: Another target Ally you control gains indestructible until end of turn. (Damage and effects that say ""destroy"" don't destroy it.)",{W},1.1,TLA,Avatar: The Last Airbender,17,normal,uncommon,2,109801,d263472e-1d75-4cb9-8f7b-986fa22bc841,0.09,FALSE,FALSE,near_mint,en,USD
Foggy Swamp Hunters,B,"As long as you've drawn two or more cards this turn, this creature has lifelink and menace. (It can't be blocked except by two or more creatures.)",{3}{B},3.4,TLA,Avatar: The Last Airbender,101,normal,common,2,109689,3f6e5869-ca25-4b98-a844-8a498cb40aab,0.02,FALSE,FALSE,near_mint,en,USD
Airbending Lesson,W,"Airbend target nonland permanent. (Exile it. While it's exiled, its owner may cast it for {2} rather than its mana cost.) | Draw a card.",{2}{W},,TLA,Avatar: The Last Airbender,8,normal,common,2,108292,e2bcd0a6-e94d-4a21-a334-a57459c1b8cc,0.06,FALSE,FALSE,near_mint,en,USD
Yip Yip!,W,"Target creature you control gets +2/+2 until end of turn. If that creature is an Ally, it also gains flying until end of turn.",{W},,TLA,Avatar: The Last Airbender,43,normal,common,2,109420,43f4b10e-165b-4100-82f3-728e1b0c78ed,0.02,FALSE,FALSE,near_mint,en,USD
Watery Grasp,U,"Enchant creature | Enchanted creature doesn't untap during its controller's untap step. | Waterbend {5}: Enchanted creature's owner shuffles it into their library. (While paying a waterbend cost, you can tap your artifacts and creatures to help. Each one pays for {1}.)",{U},,TLA,Avatar: The Last Airbender,82,normal,common,2,108177,26bcff57-428e-4f30-a153-a778fbfc437d,0.04,FALSE,FALSE,near_mint,en,USD
Bitter Work,"G, R","Whenever you attack a player with one or more creatures with power 4 or greater, draw a card. | Exhaust — {4}: Earthbend 4. Activate only during your turn. (Target land you control becomes a 0/0 creature with haste that's still a land. Put four +1/+1 counters on it. When it dies or is exiled, return it to the battlefield tapped. Activate each exhaust ability only once.)",{1}{R}{G},,TLA,Avatar: The Last Airbender,210,normal,uncommon,2,109686,3e8de6a9-9859-4ed2-8ece-ef80a7209be9,0.18,FALSE,FALSE,near_mint,en,USD
Deadly Precision,B,"As an additional cost to cast this spell, pay {4} or sacrifice an artifact or creature. | Destroy target creature.",{B},,TLA,Avatar: The Last Airbender,95,normal,common,1,109422,4661daf6-d960-4278-8946-70948efaf99d,0.02,FALSE,FALSE,near_mint,en,USD
Boomerang Basics,U,"Return target nonland permanent to its owner's hand. If you controlled that permanent, draw a card.",{U},,TLA,Avatar: The Last Airbender,46,normal,uncommon,1,109640,17ab958a-abc6-472e-ad6a-97c731d89c74,0.29,FALSE,FALSE,near_mint,en,USD
Iroh's Demonstration,R,Choose one — | • Iroh's Demonstration deals 1 damage to each creature your opponents control. | • Iroh's Demonstration deals 4 damage to target creature.,{1}{R},,TLA,Avatar: The Last Airbender,141,normal,uncommon,1,109643,18d15fed-1f8f-4407-a221-a47ce75001a8,0.18,FALSE,FALSE,near_mint,en,USD
Earthbending Lesson,G,"Earthbend 4. (Target land you control becomes a 0/0 creature with haste that's still a land. Put four +1/+1 counters on it. When it dies or is exiled, return it to the battlefield tapped.)",{3}{G},,TLA,Avatar: The Last Airbender,176,normal,common,1,108142,eccd63b3-3a3a-4661-9d6e-fb8152429bdb,0.09,FALSE,FALSE,near_mint,en,USD
Barrels of Blasting Jelly,Colorless,"{1}: Add one mana of any color. Activate only once each turn. | {5}, {T}, Sacrifice this artifact: It deals 5 damage to target creature.",{1},,TLA,Avatar: The Last Airbender,254,normal,common,1,108208,4fd83083-3779-41f0-90a0-a00e3270e4e6,0.06,FALSE,FALSE,near_mint,en,USD
Bender's Waterskin,Colorless,Untap this artifact during each other player's untap step. | {T}: Add one mana of any color.,{3},,TLA,Avatar: The Last Airbender,255,normal,common,1,108223,6d4a1712-d19e-4475-9614-a0b1af4da610,0.37,FALSE,FALSE,near_mint,en,USD
Trusty Boomerang,Colorless,"Equipped creature has ""{1}, {T}: Tap target creature. Return Trusty Boomerang to its owner's hand."" | Equip {1} ({1}: Attach to target creature you control. Equip only as a sorcery.)",{1},,TLA,Avatar: The Last Airbender,260,normal,uncommon,1,109564,df99a166-6d58-4d92-9037-2fdfbaf65629,0.06,FALSE,FALSE,near_mint,en,USD
Fire Navy Trebuchet,B,"Defender, reach | Whenever you attack, create a 2/1 colorless Construct artifact creature token with flying named Ballistic Boulder that's tapped and attacking. Sacrifice that token at the beginning of the next end step.",{2}{B},0.4,TLA,Avatar: The Last Airbender,100,normal,uncommon,1,109820,e58372cc-9a89-47a4-a0db-df5435e26cd3,0.08,FALSE,FALSE,near_mint,en,USD
Arcane Signet,Colorless,{T}: Add one mana of any color in your commander's color identity.,{2},,TLE,Avatar: The Last Airbender Eternal,315,normal,rare,1,109484,89ac0b50-8c64-46b0-b670-cd2321153502,1.85,FALSE,FALSE,near_mint,en,USD
Sol Ring,Colorless,{T}: Add {C}{C}.,{1},,TLE,Avatar: The Last Airbender Eternal,316,normal,rare,1,109534,c1f93f78-645b-4f21-a80b-5542f3328111,2.48,FALSE,FALSE,near_mint,en,USD
Plains,Colorless,({T}: Add {W}.),,,PALP,Asia Pacific Land Program,4,normal,common,1,35980,5e8b29d9-b20c-437f-96ec-1b0009719820,103.65,FALSE,FALSE,near_mint,en,USD
Kyoshi Village,Colorless,"This land enters tapped. | {T}: Add {G} or {W}. | {4}, {T}, Sacrifice this land: Draw a card.",,,TLA,Avatar: The Last Airbender,271,normal,common,1,109487,8d5f3008-2af8-4e81-8847-1c91f524e747,0.06,FALSE,FALSE,near_mint,en,USD
Airship Engine Room,Colorless,"This land enters tapped. | {T}: Add {U} or {R}. | {4}, {T}, Sacrifice this land: Draw a card.",,,TLA,Avatar: The Last Airbender,265,normal,common,1,109375,0b98ba34-f251-4bd0-9d75-1d4445be5cfd,0.06,FALSE,FALSE,near_mint,en,USD
Omashu City,Colorless,"This land enters tapped. | {T}: Add {R} or {G}. | {4}, {T}, Sacrifice this land: Draw a card.",,,TLA,Avatar: The Last Airbender,275,normal,common,1,109535,c21e413b-96ed-4ded-b567-f1647074ce5f,0.13,FALSE,FALSE,near_mint,en,USD
Misty Palms Oasis,Colorless,"This land enters tapped. | {T}: Add {W} or {B}. | {4}, {T}, Sacrifice this land: Draw a card.",,,TLA,Avatar: The Last Airbender,273,normal,common,1,109473,7cc29ddb-8f44-4493-985d-2fac35f9f34d,0.04,FALSE,FALSE,near_mint,en,USD
Rumble Arena,Colorless,"Vigilance | When this land enters, scry 1. (Look at the top card of your library. You may put it on the bottom.) | {T}: Add {C}. | {1}, {T}: Add one mana of any color.",,,TLA,Avatar: The Last Airbender,277,normal,common,1,109688,3f5d2c38-663c-4f64-8cfc-c102462e82ef,0.12,FALSE,FALSE,near_mint,en,USD
Agna Qel'a,Colorless,"This land enters tapped unless you control a basic land. | {T}: Add {U}. | {2}{U}, {T}: Draw a card, then discard a card.",,,TLA,Avatar: The Last Airbender,264,normal,rare,1,109716,6b885829-a323-4f7d-87c9-aa4615dcbe5c,0.44,FALSE,FALSE,near_mint,en,USD
Boiling Rock Prison,Colorless,"This land enters tapped. | {T}: Add {B} or {R}. | {4}, {T}, Sacrifice this land: Draw a card.",,,TLA,Avatar: The Last Airbender,267,normal,common,1,109390,1c2e2220-54d1-4180-93a0-964e3b0ba8b8,0.04,FALSE,FALSE,near_mint,en,USD
North Pole Gates,Colorless,"This land enters tapped. | {T}: Add {W} or {U}. | {4}, {T}, Sacrifice this land: Draw a card.",,,TLA,Avatar: The Last Airbender,274,normal,common,1,109528,bcf7b9da-d35d-4338-b4d9-83e47dc058ee,0.11,FALSE,FALSE,near_mint,en,USD
White Lotus Hideout,Colorless,"{T}: Add {C}. | {T}: Add one mana of any color. Spend this mana only to cast a Lesson or Shrine spell. | {1}, {T}: Add one mana of any color.",,,TLA,Avatar: The Last Airbender,281,normal,uncommon,1,109399,24d1e22c-0d99-4ed5-94f0-fd055fd8e2be,0.11,FALSE,FALSE,near_mint,en,USD
Ba Sing Se,Colorless,"This land enters tapped unless you control a basic land. | {T}: Add {G}. | {2}{G}, {T}: Earthbend 2. Activate only as a sorcery. (Target land you control becomes a 0/0 creature with haste that's still a land. Put two +1/+1 counters on it. When it dies or is exiled, return it to the battlefield tapped.)",,,TLA,Avatar: The Last Airbender,266,normal,rare,1,109786,bdf3b2be-d0cd-4a3c-a10e-82d32c12d3bd,1.1,FALSE,FALSE,near_mint,en,USD
Forest,Colorless,({T}: Add {G}.),,,TLA,Avatar: The Last Airbender,286,normal,common,2,108256,a305e44f-4253-4754-b83f-1e34103d77b0,0.06,FALSE,FALSE,near_mint,en,USD
Forest,Colorless,({T}: Add {G}.),,,TLA,Avatar: The Last Airbender,291,normal,common,1,108103,05683891-cdd4-4401-b7d5-0ef17e79c699,0.22,FALSE,FALSE,near_mint,en,USD
Plains,Colorless,({T}: Add {W}.),,,ONS,Onslaught,333,normal,common,1,30970,854a255e-fd89-4c5d-b97b-416a9ac70960,0.29,FALSE,FALSE,near_mint,en,USD
Mountain,Colorless,({T}: Add {R}.),,,TLA,Avatar: The Last Airbender,285,normal,common,1,108275,c44f81ca-f72f-445c-8901-3a894a2a47f9,0.05,FALSE,FALSE,near_mint,en,USD
Plains,Colorless,({T}: Add {W}.),,,ARC,Archenemy,138,normal,common,1,21406,c0353ff6-4968-49d3-ba1a-a7d2af492e5c,0.55,FALSE,FALSE,near_mint,en,USD
Phoenix Fleet Airship,B,"Flying | At the beginning of your end step, if you sacrificed a permanent this turn, create a token that's a copy of this Vehicle. | As long as you control eight or more permanents named Phoenix Fleet Airship, this Vehicle is an artifact creature. | Crew 1",{2}{B}{B},4.4,TLA,Avatar: The Last Airbender,114,normal,mythic,2,109781,b51d3259-c41c-4f64-9666-0a9e676c812f,4.3,FALSE,FALSE,near_mint,en,USD
Swamp,Colorless,({T}: Add {B}.),,,TLA,Avatar: The Last Airbender,284,normal,common,2,108302,f0b234d8-d6bb-48ec-8a4d-d8a570a69c62,0.05,FALSE,FALSE,near_mint,en,USD
Forest,Colorless,({T}: Add {G}.),,,TLA,Avatar: The Last Airbender,291,foil,common,1,108103,05683891-cdd4-4401-b7d5-0ef17e79c699,0.33,FALSE,FALSE,near_mint,en,USD
Forest,Colorless,({T}: Add {G}.),,,TLA,Avatar: The Last Airbender,286,foil,common,3,108256,a305e44f-4253-4754-b83f-1e34103d77b0,0.09,FALSE,FALSE,near_mint,en,USD
Swamp,Colorless,({T}: Add {B}.),,,TLA,Avatar: The Last Airbender,284,foil,common,2,108302,f0b234d8-d6bb-48ec-8a4d-d8a570a69c62,0.24,FALSE,FALSE,near_mint,en,USD
Plains,Colorless,({T}: Add {W}.),,,TLA,Avatar: The Last Airbender,282,foil,common,2,108193,4069fb4a-8ee1-41ef-ab93-39a8cc58e0e5,0.15,FALSE,FALSE,near_mint,en,USD
Island,Colorless,({T}: Add {U}.),,,TLA,Avatar: The Last Airbender,283,foil,common,2,108255,a2e22347-f0cb-4cfd-88a3-4f46a16e4946,0.18,FALSE,FALSE,near_mint,en,USD
Mountain,Colorless,({T}: Add {R}.),,,TLA,Avatar: The Last Airbender,285,foil,common,2,108275,c44f81ca-f72f-445c-8901-3a894a2a47f9,0.18,FALSE,FALSE,near_mint,en,USD
"Mai, Jaded Edge",R,"Prowess (Whenever you cast a noncreature spell, this creature gets +1/+1 until end of turn.) | Exhaust — {3}: Put a double strike counter on Mai. (Activate each exhaust ability only once.)",{1}{R},1.3,TLA,Avatar: The Last Airbender,147,foil,uncommon,1,109463,732e6bc9-0798-4c00-aea0-5ef4298b45f5,0.19,FALSE,FALSE,near_mint,en,USD
"Azula, On the Hunt",B,"Firebending 2 (Whenever this creature attacks, add {R}{R}. This mana lasts until end of combat.) | Whenever Azula attacks, you lose 1 life and create a Clue token. (It's an artifact with ""{2}, Sacrifice this token: Draw a card."")",{3}{B},4.3,TLA,Avatar: The Last Airbender,85,foil,uncommon,1,109383,1335a145-248a-4f1e-8760-9a5d531e14e3,0.21,FALSE,FALSE,near_mint,en,USD
Hog-Monkey,B,"At the beginning of combat on your turn, target creature you control with a +1/+1 counter on it gains menace until end of turn. (It can't be blocked except by two or more creatures.) | Exhaust — {5}: Put two +1/+1 counters on this creature. (Activate each exhaust ability only once.)",{2}{B},3.2,TLA,Avatar: The Last Airbender,104,foil,common,1,108206,4f442970-5355-4abf-8684-17daaa8e469b,0.04,FALSE,FALSE,near_mint,en,USD
Pirate Peddlers,B,"Deathtouch | Whenever you sacrifice another permanent, put a +1/+1 counter on this creature.",{2}{B},2.2,TLA,Avatar: The Last Airbender,115,foil,common,1,109919,5c998994-6c3b-4f34-9b31-babba2b17266,0.17,FALSE,FALSE,near_mint,en,USD
Cat-Gator,B,"Lifelink | When this creature enters, it deals damage equal to the number of Swamps you control to any target.",{6}{B},3.2,TLA,Avatar: The Last Airbender,91,foil,uncommon,1,108298,ec83a825-79e6-42a4-919c-3bc498ff4433,0.18,FALSE,FALSE,near_mint,en,USD
Swampbenders,G,Swampbenders's power and toughness are each equal to the number of Swamps on the battlefield. | Lands you control are Swamps in addition to their other types.,{4}{G}{G},*.*,TLE,Avatar: The Last Airbender Eternal,65,foil,rare,1,109774,b0a8ee49-7bb0-48e2-bc43-a2cfa0a7196c,9.18,FALSE,FALSE,near_mint,en,USD
Entomb,B,"Search your library for a card, put that card into your graveyard, then shuffle.",{B},,TLE,Avatar: The Last Airbender Eternal,310,foil,rare,1,109833,fbc089cf-affb-4713-bd39-aa776d1805b9,,FALSE,FALSE,near_mint,en,USD
Northern Air Temple,B,"When Northern Air Temple enters, each opponent loses X life and you gain X life, where X is the number of Shrines you control. | Whenever another Shrine you control enters, each opponent loses 1 life and you gain 1 life.",{B},,TLA,Avatar: The Last Airbender,111,foil,uncommon,1,109370,06b7675e-e665-49cb-a8d9-7092a654d464,0.38,FALSE,FALSE,near_mint,en,USD
The Spirit Oasis,U,"When The Spirit Oasis enters, draw a card for each Shrine you control. | Whenever another Shrine you control enters, draw a card.",{2}{U},,TLA,Avatar: The Last Airbender,72,foil,uncommon,1,109414,3a1b1329-531c-47ed-9802-c505501f8fd9,0.3,FALSE,FALSE,near_mint,en,USD
Foggy Swamp Visions,B,"As an additional cost to cast this spell, waterbend {X}. (While paying a waterbend cost, you can tap your artifacts and creatures to help. Each one pays for {1}.) | Exile X target creature cards from graveyards. For each creature card exiled this way, create a token that's a copy of it. At the beginning of your next end step, sacrifice those tokens.",{1}{B}{B},,TLA,Avatar: The Last Airbender,339,foil,rare,1,109585,f8f56648-85be-417a-814b-c356df390ba0,0.93,FALSE,FALSE,near_mint,en,USD
Swiftfoot Boots,Colorless,Equipped creature has hexproof and haste. (It can't be the target of spells or abilities your opponents control. It can attack and {T} no matter when it came under your control.) | Equip {1} ({1}: Attach to target creature you control. Equip only as a sorcery.),{2},,TLE,Avatar: The Last Airbender Eternal,317,foil,rare,1,109517,aff074f2-6ad9-4c0c-88e2-fc622772d2a1,,FALSE,FALSE,near_mint,en,USD
Sunbaked Canyon,Colorless,"{T}, Pay 1 life: Add {R} or {W}. | {1}, {T}, Sacrifice this land: Draw a card.",,,TLE,Avatar: The Last Airbender Eternal,58,foil,mythic,1,109825,e9e69236-3a67-449f-8591-094ef78da6e7,8.71,FALSE,FALSE,near_mint,en,USD
Dai Li Indoctrination,B,"Choose one — | • Target opponent reveals their hand. You choose a nonland permanent card from it. That player discards that card. | • Earthbend 2. (Target land you control becomes a 0/0 creature with haste that's still a land. Put two +1/+1 counters on it. When it dies or is exiled, return it to the battlefield tapped.)",{1}{B},,TLA,Avatar: The Last Airbender,93,foil,common,2,108299,eca652b8-44f1-4bd9-b4bf-036eeead13aa,0.2,FALSE,FALSE,near_mint,en,USD
Island,Colorless,({T}: Add {U}.),,,TLA,Avatar: The Last Airbender,288,foil,common,2,108138,d894c61a-4062-442e-8ead-5197c3bffd00,0.32,FALSE,FALSE,near_mint,en,USD
Plains,Colorless,({T}: Add {W}.),,,TLA,Avatar: The Last Airbender,287,foil,common,4,108129,8a880169-41ca-4507-83fd-306a489d31ce,0.28,FALSE,FALSE,near_mint,en,USD
Swamp,Colorless,({T}: Add {B}.),,,TLA,Avatar: The Last Airbender,289,foil,common,2,108128,874f0f27-81a4-4853-aaa0-2c15e07c177e,0.29,FALSE,FALSE,near_mint,en,USD
Mountain,Colorless,({T}: Add {R}.),,,TLA,Avatar: The Last Airbender,290,foil,common,2,108141,ea96ecc4-72f3-46a4-8900-6a7c5a83d4df,0.34,FALSE,FALSE,near_mint,en,USD
